[
    {
        "property_id": 1,
        "reference": "",
        "locality_id": 754,
        "date": "2018-04-25 14:51:48",
        "title": {
            "en": "for sale 2 bed Industrial Sheds at Derakhti"
        },
        "user_id": 1,
        "type_id": 34,
        "purpose_id": 1,
        "wanted_for": "",
        "area": 0,
        "area_covered": 1658,
        "price": 92400000,
        "beds": 2,
        "baths": 0,
        "project_id": 0,
        "longitude": 51.354325,
        "latitude": 35.768821,
        "location_id": 754,
        "builtin_year": "",
        "phone": "",
        "fax": "",
        "mobile": "09121596136",
        "mail": "",
        "description": {
            "en": "بیواسطه"
        },
        "contact_person": "توکل کوثری",
        "property_status": "Deleted",
        "is_parent_lat_long": true,
        "type_info": {
            "type_id": 34,
            "type_title": {
                "en": "Industrial Shed"
            },
            "type_order": 340,
            "type_htaccess": {
                "en": "industrial-sheds"
            },
            "type_parent_id": 32,
            "type_title_alt1": {
                "en": "Industrial Sheds"
            },
            "area_preferred": "land"
        },
        "type_title": "سوله",
        "type_title_alt2": "سوله",
        "purpose_info": {
            "purpose_id": 1,
            "purpose_title": {
                "en": "Buy"
            },
            "purpose_title_alt1": {
                "en": "For Sale"
            },
            "purpose_htaccess": "فروش",
            "purpose_title_meta": {
                "en": "sale"
            },
            "purpose_outcome_titles": {
                "en": "Sold,For Sale,Under Offer,Property Not Available"
            }
        },
        "purpose_title_alt1": "جهت فروش",
        "property_url": {
            "fa": "https://www.ihome.ir/خرید-فروش/سوله/تهران/شهرک-غرب/درختی/درختی-154-متر-مربع-آپارتمان-جهت-فروش،-خوابه-،-1.html",
            "en": "https://www.ihome.ir/en/for-sale/industrial-sheds/tehran/derakhti/1.html"
        },
        "package": "free",
        "is_hot": 0,
        "area_preferred": "area",
        "status": "deleted",
        "price_formated": "IRT 92,400,000",
        "age_of_building": 0,
        "area_formated": "0 Sq. Ft.",
        "location_breadcrumb": [
            {
                "0": 1,
                "1": "ایران",
                "1_en": "Iran"
            },
            {
                "0": 3,
                "1": "تهران",
                "1_en": "Tehran"
            },
            {
                "0": 776,
                "1": "شهرک غرب",
                "1_en": "Shahrak-e-Gharb"
            },
            {
                "0": 754,
                "1": "درختی",
                "1_en": "Derakhti"
            }
        ],
        "location_text": {
            "en": "Derakhti, Shahrak-e-Gharb"
        }
    },
    {
        "property_id": 258,
        "reference": "",
        "locality_id": 890,
        "date": "2008-04-09 02:00:00",
        "title": {
            "en": "for sale 3 Bed Apartments at Sattarkhan"
        },
        "user_id": 1,
        "type_id": 4,
        "purpose_id": 1,
        "wanted_for": "",
        "area": 0,
        "area_covered": 1507,
        "price": 238000000,
        "beds": 3,
        "baths": 0,
        "project_id": 0,
        "longitude": 51.366548,
        "latitude": 35.714168,
        "location_id": 890,
        "builtin_year": "",
        "phone": "044209623",
        "fax": "",
        "mobile": "09121406184",
        "mail": "",
        "description": {
            "en": ""
        },
        "contact_person": "مقدم",
        "property_status": "Deleted",
        "is_parent_lat_long": true,
        "type_info": {
            "type_id": 4,
            "type_title": {
                "en": "Apartment"
            },
            "type_order": 100,
            "type_htaccess": {
                "en": "apartments"
            },
            "type_parent_id": 1,
            "type_title_alt1": {
                "en": "Apartments"
            },
            "area_preferred": "covered"
        },
        "type_title": "آپارتمان",
        "type_title_alt2": "آپارتمان",
        "purpose_info": {
            "purpose_id": 1,
            "purpose_title": {
                "en": "Buy"
            },
            "purpose_title_alt1": {
                "en": "For Sale"
            },
            "purpose_htaccess": "فروش",
            "purpose_title_meta": {
                "en": "sale"
            },
            "purpose_outcome_titles": {
                "en": "Sold,For Sale,Under Offer,Property Not Available"
            }
        },
        "purpose_title_alt1": "جهت فروش",
        "property_url": {
            "fa": "https://www.ihome.ir/خرید-فروش/آپارتمان/تهران/ستارخان/ستارخان-140-متر-مربع-آپارتمان-فروشی،-خوابه-،-258.html",
            "en": "https://www.ihome.ir/en/for-sale/apartments/tehran/sattarkhan/258.html"
        },
        "package": "free",
        "is_hot": 0,
        "area_preferred": "area_covered",
        "status": "deleted",
        "price_formated": "IRT 238,000,000",
        "age_of_building": 0,
        "area_formated": "0 Sq. Ft.",
        "location_breadcrumb": [
            {
                "0": 1,
                "1": "ایران",
                "1_en": "Iran"
            },
            {
                "0": 3,
                "1": "تهران",
                "1_en": "Tehran"
            },
            {
                "0": 890,
                "1": "ستارخان",
                "1_en": "Sattarkhan"
            }
        ],
        "location_text": {
            "en": "Sattarkhan, Tehran"
        }
    },
    {
        "property_id": 2,
        "reference": "",
        "locality_id": 754,
        "date": "2018-04-25 14:52:24",
        "title": {
            "en": "for sale 3 Bed Apartments at Derakhti"
        },
        "user_id": 1,
        "type_id": 4,
        "purpose_id": 1,
        "wanted_for": "",
        "area": 0,
        "area_covered": 1528,
        "price": 63900000,
        "beds": 3,
        "baths": 0,
        "project_id": 0,
        "longitude": 51.354325,
        "latitude": 35.768821,
        "location_id": 754,
        "builtin_year": "",
        "phone": "",
        "fax": "",
        "mobile": "09121149720",
        "mail": "",
        "description": {
            "en": "بیواسطه"
        },
        "contact_person": "توکلی",
        "property_status": "Deleted",
        "is_parent_lat_long": true,
        "type_info": {
            "type_id": 4,
            "type_title": {
                "en": "Apartment"
            },
            "type_order": 100,
            "type_htaccess": {
                "en": "apartments"
            },
            "type_parent_id": 1,
            "type_title_alt1": {
                "en": "Apartments"
            },
            "area_preferred": "covered"
        },
        "type_title": "آپارتمان",
        "type_title_alt2": "آپارتمان",
        "purpose_info": {
            "purpose_id": 1,
            "purpose_title": {
                "en": "Buy"
            },
            "purpose_title_alt1": {
                "en": "For Sale"
            },
            "purpose_htaccess": "فروش",
            "purpose_title_meta": {
                "en": "sale"
            },
            "purpose_outcome_titles": {
                "en": "Sold,For Sale,Under Offer,Property Not Available"
            }
        },
        "purpose_title_alt1": "جهت فروش",
        "property_url": {
            "fa": "https://www.ihome.ir/خرید-فروش/آپارتمان/تهران/شهرک-غرب/درختی/آپارتمان-برای-فروش-در-درختی،-142-متر-مربع-،-2.html",
            "en": "https://www.ihome.ir/en/for-sale/apartments/tehran/derakhti/2.html"
        },
        "package": "free",
        "is_hot": 0,
        "area_preferred": "area_covered",
        "status": "deleted",
        "price_formated": "IRT 63,900,000",
        "age_of_building": 0,
        "area_formated": "0 Sq. Ft.",
        "location_breadcrumb": [
            {
                "0": 1,
                "1": "ایران",
                "1_en": "Iran"
            },
            {
                "0": 3,
                "1": "تهران",
                "1_en": "Tehran"
            },
            {
                "0": 776,
                "1": "شهرک غرب",
                "1_en": "Shahrak-e-Gharb"
            },
            {
                "0": 754,
                "1": "درختی",
                "1_en": "Derakhti"
            }
        ],
        "location_text": {
            "en": "Derakhti, Shahrak-e-Gharb"
        }
    },
    {
        "property_id": 14145,
        "reference": "",
        "locality_id": 9881,
        "date": "2008-09-24 02:00:00",
        "title": {
            "en": "for sale 1 bed Apartments at Falakeh Sevom-e-Tehranpars"
        },
        "user_id": 1,
        "type_id": 4,
        "purpose_id": 1,
        "wanted_for": "",
        "area": 0,
        "area_covered": 753,
        "price": 60000000,
        "beds": 1,
        "baths": 0,
        "project_id": 0,
        "longitude": 51.534003,
        "latitude": 35.743306,
        "location_id": 9881,
        "builtin_year": "",
        "phone": "055764694",
        "fax": "",
        "mobile": "",
        "mail": "",
        "description": {
            "en": "ط 2 موجود است هر واحد مستاجر دارد سند قولنامه ای"
        },
        "contact_person": "آخوندی",
        "property_status": "Deleted",
        "is_parent_lat_long": true,
        "type_info": {
            "type_id": 4,
            "type_title": {
                "en": "Apartment"
            },
            "type_order": 100,
            "type_htaccess": {
                "en": "apartments"
            },
            "type_parent_id": 1,
            "type_title_alt1": {
                "en": "Apartments"
            },
            "area_preferred": "covered"
        },
        "type_title": "آپارتمان",
        "type_title_alt2": "آپارتمان",
        "purpose_info": {
            "purpose_id": 1,
            "purpose_title": {
                "en": "Buy"
            },
            "purpose_title_alt1": {
                "en": "For Sale"
            },
            "purpose_htaccess": "فروش",
            "purpose_title_meta": {
                "en": "sale"
            },
            "purpose_outcome_titles": {
                "en": "Sold,For Sale,Under Offer,Property Not Available"
            }
        },
        "purpose_title_alt1": "جهت فروش",
        "property_url": {
            "fa": "https://www.ihome.ir/خرید-فروش/آپارتمان/تهران/تهرانپارس/تهرانپارس-غربی/فلکه-سوم-تهرانپارس/آپارتمان-جهت-فروش-در-فلکه-سوم-تهرانپارس،-تهرانپارس-غربی،-خوابه-،-70-متر-مربع-،-14145.html",
            "en": "https://www.ihome.ir/en/for-sale/apartments/tehran/falakeh-sevom-e-tehranpars/14145.html"
        },
        "package": "free",
        "is_hot": 0,
        "area_preferred": "area_covered",
        "status": "deleted",
        "price_formated": "IRT 60,000,000",
        "age_of_building": 0,
        "area_formated": "0 Sq. Ft.",
        "location_breadcrumb": [
            {
                "0": 1,
                "1": "ایران",
                "1_en": "Iran"
            },
            {
                "0": 3,
                "1": "تهران",
                "1_en": "Tehran"
            },
            {
                "0": 18804,
                "1": "تهرانپارس",
                "1_en": "Tehranpars"
            },
            {
                "0": 1937,
                "1": "تهرانپارس غربی",
                "1_en": "West Tehranpars"
            },
            {
                "0": 9881,
                "1": "فلکه سوم تهرانپارس",
                "1_en": "Falakeh Sevom-e-Tehranpars"
            }
        ],
        "location_text": {
            "en": "Falakeh Sevom-e-Tehranpars, West Tehranpars"
        }
    },
    {
        "property_id": 14144,
        "reference": "",
        "locality_id": 294,
        "date": "2008-09-24 02:00:00",
        "title": {
            "en": "for sale 2 bed Apartments at Ozgol"
        },
        "user_id": 1,
        "type_id": 4,
        "purpose_id": 1,
        "wanted_for": "",
        "area": 0,
        "area_covered": 700,
        "price": 350000000,
        "beds": 2,
        "baths": 0,
        "project_id": 0,
        "longitude": 51.510865,
        "latitude": 35.789029,
        "location_id": 294,
        "builtin_year": "",
        "phone": "077353745",
        "fax": "",
        "mobile": "09124503060",
        "mail": "",
        "description": {
            "en": ""
        },
        "contact_person": "تاتار",
        "property_status": "Deleted",
        "is_parent_lat_long": true,
        "type_info": {
            "type_id": 4,
            "type_title": {
                "en": "Apartment"
            },
            "type_order": 100,
            "type_htaccess": {
                "en": "apartments"
            },
            "type_parent_id": 1,
            "type_title_alt1": {
                "en": "Apartments"
            },
            "area_preferred": "covered"
        },
        "type_title": "آپارتمان",
        "type_title_alt2": "آپارتمان",
        "purpose_info": {
            "purpose_id": 1,
            "purpose_title": {
                "en": "Buy"
            },
            "purpose_title_alt1": {
                "en": "For Sale"
            },
            "purpose_htaccess": "فروش",
            "purpose_title_meta": {
                "en": "sale"
            },
            "purpose_outcome_titles": {
                "en": "Sold,For Sale,Under Offer,Property Not Available"
            }
        },
        "purpose_title_alt1": "جهت فروش",
        "property_url": {
            "fa": "https://www.ihome.ir/خرید-فروش/آپارتمان/تهران/ازگل/آپارتمان-جهت-فروش-در-ازگل،65-متر-مربع-،-خوابه-،-14144.html",
            "en": "https://www.ihome.ir/en/for-sale/apartments/tehran/ozgol/14144.html"
        },
        "package": "free",
        "is_hot": 0,
        "area_preferred": "area_covered",
        "status": "deleted",
        "price_formated": "IRT 350,000,000",
        "age_of_building": 0,
        "area_formated": "0 Sq. Ft.",
        "location_breadcrumb": [
            {
                "0": 1,
                "1": "ایران",
                "1_en": "Iran"
            },
            {
                "0": 3,
                "1": "تهران",
                "1_en": "Tehran"
            },
            {
                "0": 294,
                "1": "ازگل",
                "1_en": "Ozgol"
            }
        ],
        "location_text": {
            "en": "Ozgol, Tehran"
        }
    },
    {
        "property_id": 14143,
        "reference": "",
        "locality_id": 9881,
        "date": "2008-09-24 02:00:00",
        "title": {
            "en": "for sale 1 bed Apartments at Falakeh Sevom-e-Tehranpars"
        },
        "user_id": 1,
        "type_id": 4,
        "purpose_id": 1,
        "wanted_for": "",
        "area": 0,
        "area_covered": 700,
        "price": 117000000,
        "beds": 1,
        "baths": 0,
        "project_id": 0,
        "longitude": 51.534003,
        "latitude": 35.743306,
        "location_id": 9881,
        "builtin_year": "",
        "phone": "",
        "fax": "",
        "mobile": "09192462302",
        "mail": "",
        "description": {
            "en": ""
        },
        "contact_person": "تاجانی",
        "property_status": "Deleted",
        "is_parent_lat_long": true,
        "type_info": {
            "type_id": 4,
            "type_title": {
                "en": "Apartment"
            },
            "type_order": 100,
            "type_htaccess": {
                "en": "apartments"
            },
            "type_parent_id": 1,
            "type_title_alt1": {
                "en": "Apartments"
            },
            "area_preferred": "covered"
        },
        "type_title": "آپارتمان",
        "type_title_alt2": "آپارتمان",
        "purpose_info": {
            "purpose_id": 1,
            "purpose_title": {
                "en": "Buy"
            },
            "purpose_title_alt1": {
                "en": "For Sale"
            },
            "purpose_htaccess": "فروش",
            "purpose_title_meta": {
                "en": "sale"
            },
            "purpose_outcome_titles": {
                "en": "Sold,For Sale,Under Offer,Property Not Available"
            }
        },
        "purpose_title_alt1": "جهت فروش",
        "property_url": {
            "fa": "https://www.ihome.ir/خرید-فروش/آپارتمان/تهران/تهرانپارس/تهرانپارس-غربی/فلکه-سوم-تهرانپارس/آپارتمان-جهت-فروش-در-فلکه-سوم-تهرانپارس،-تهرانپارس-غربی،-65-متر-مربع-،-14143.html",
            "en": "https://www.ihome.ir/en/for-sale/apartments/tehran/falakeh-sevom-e-tehranpars/14143.html"
        },
        "package": "free",
        "is_hot": 0,
        "area_preferred": "area_covered",
        "status": "deleted",
        "price_formated": "IRT 117,000,000",
        "age_of_building": 0,
        "area_formated": "0 Sq. Ft.",
        "location_breadcrumb": [
            {
                "0": 1,
                "1": "ایران",
                "1_en": "Iran"
            },
            {
                "0": 3,
                "1": "تهران",
                "1_en": "Tehran"
            },
            {
                "0": 18804,
                "1": "تهرانپارس",
                "1_en": "Tehranpars"
            },
            {
                "0": 1937,
                "1": "تهرانپارس غربی",
                "1_en": "West Tehranpars"
            },
            {
                "0": 9881,
                "1": "فلکه سوم تهرانپارس",
                "1_en": "Falakeh Sevom-e-Tehranpars"
            }
        ],
        "location_text": {
            "en": "Falakeh Sevom-e-Tehranpars, West Tehranpars"
        }
    },
    {
        "property_id": 14142,
        "reference": "",
        "locality_id": 9881,
        "date": "2008-09-24 02:00:00",
        "title": {
            "en": "for sale 3 Bed Apartments at Falakeh Sevom-e-Tehranpars"
        },
        "user_id": 1,
        "type_id": 4,
        "purpose_id": 1,
        "wanted_for": "",
        "area": 0,
        "area_covered": 1313,
        "price": 244000000,
        "beds": 3,
        "baths": 0,
        "project_id": 0,
        "longitude": 51.534003,
        "latitude": 35.743306,
        "location_id": 9881,
        "builtin_year": "",
        "phone": "077721530,77721458",
        "fax": "",
        "mobile": "",
        "mail": "",
        "description": {
            "en": ""
        },
        "contact_person": "آرین",
        "property_status": "Deleted",
        "is_parent_lat_long": true,
        "type_info": {
            "type_id": 4,
            "type_title": {
                "en": "Apartment"
            },
            "type_order": 100,
            "type_htaccess": {
                "en": "apartments"
            },
            "type_parent_id": 1,
            "type_title_alt1": {
                "en": "Apartments"
            },
            "area_preferred": "covered"
        },
        "type_title": "آپارتمان",
        "type_title_alt2": "آپارتمان",
        "purpose_info": {
            "purpose_id": 1,
            "purpose_title": {
                "en": "Buy"
            },
            "purpose_title_alt1": {
                "en": "For Sale"
            },
            "purpose_htaccess": "فروش",
            "purpose_title_meta": {
                "en": "sale"
            },
            "purpose_outcome_titles": {
                "en": "Sold,For Sale,Under Offer,Property Not Available"
            }
        },
        "purpose_title_alt1": "جهت فروش",
        "property_url": {
            "fa": "https://www.ihome.ir/خرید-فروش/آپارتمان/تهران/تهرانپارس/تهرانپارس-غربی/فلکه-سوم-تهرانپارس/آپارتمان-جهت-فروش-در-فلکه-سوم-تهرانپارس،-تهرانپارس-غربی،-خوابه-،-122-متر-مربع-،-14142.html",
            "en": "https://www.ihome.ir/en/for-sale/apartments/tehran/falakeh-sevom-e-tehranpars/14142.html"
        },
        "package": "free",
        "is_hot": 0,
        "area_preferred": "area_covered",
        "status": "deleted",
        "price_formated": "IRT 244,000,000",
        "age_of_building": 0,
        "area_formated": "0 Sq. Ft.",
        "location_breadcrumb": [
            {
                "0": 1,
                "1": "ایران",
                "1_en": "Iran"
            },
            {
                "0": 3,
                "1": "تهران",
                "1_en": "Tehran"
            },
            {
                "0": 18804,
                "1": "تهرانپارس",
                "1_en": "Tehranpars"
            },
            {
                "0": 1937,
                "1": "تهرانپارس غربی",
                "1_en": "West Tehranpars"
            },
            {
                "0": 9881,
                "1": "فلکه سوم تهرانپارس",
                "1_en": "Falakeh Sevom-e-Tehranpars"
            }
        ],
        "location_text": {
            "en": "Falakeh Sevom-e-Tehranpars, West Tehranpars"
        }
    },
    {
        "property_id": 14141,
        "reference": "",
        "locality_id": 209,
        "date": "2008-09-24 02:00:00",
        "title": {
            "en": "for sale 1 bed Apartments at Shahr-e-Ziba"
        },
        "user_id": 1,
        "type_id": 4,
        "purpose_id": 1,
        "wanted_for": "",
        "area": 0,
        "area_covered": 689,
        "price": 140800000,
        "beds": 1,
        "baths": 0,
        "project_id": 0,
        "longitude": 51.291816,
        "latitude": 35.749185,
        "location_id": 209,
        "builtin_year": "",
        "phone": "",
        "fax": "",
        "mobile": "09123372144",
        "mail": "",
        "description": {
            "en": ""
        },
        "contact_person": "دیلمی",
        "property_status": "Deleted",
        "is_parent_lat_long": true,
        "type_info": {
            "type_id": 4,
            "type_title": {
                "en": "Apartment"
            },
            "type_order": 100,
            "type_htaccess": {
                "en": "apartments"
            },
            "type_parent_id": 1,
            "type_title_alt1": {
                "en": "Apartments"
            },
            "area_preferred": "covered"
        },
        "type_title": "آپارتمان",
        "type_title_alt2": "آپارتمان",
        "purpose_info": {
            "purpose_id": 1,
            "purpose_title": {
                "en": "Buy"
            },
            "purpose_title_alt1": {
                "en": "For Sale"
            },
            "purpose_htaccess": "فروش",
            "purpose_title_meta": {
                "en": "sale"
            },
            "purpose_outcome_titles": {
                "en": "Sold,For Sale,Under Offer,Property Not Available"
            }
        },
        "purpose_title_alt1": "جهت فروش",
        "property_url": {
            "fa": "https://www.ihome.ir/خرید-فروش/آپارتمان/تهران/شهر-زیبا/آپارتمان-برای-فروش-در-شهر-زیبا،-64-متر-مربع-،-14141.html",
            "en": "https://www.ihome.ir/en/for-sale/apartments/tehran/shahr-e-ziba/14141.html"
        },
        "package": "free",
        "is_hot": 0,
        "area_preferred": "area_covered",
        "status": "deleted",
        "price_formated": "IRT 140,800,000",
        "age_of_building": 0,
        "area_formated": "0 Sq. Ft.",
        "location_breadcrumb": [
            {
                "0": 1,
                "1": "ایران",
                "1_en": "Iran"
            },
            {
                "0": 3,
                "1": "تهران",
                "1_en": "Tehran"
            },
            {
                "0": 209,
                "1": "شهر زیبا",
                "1_en": "Shahr-e-Ziba"
            }
        ],
        "location_text": {
            "en": "Shahr-e-Ziba, Tehran"
        }
    },
    {
        "property_id": 14139,
        "reference": "",
        "locality_id": 2061,
        "date": "2008-09-24 02:00:00",
        "title": {
            "en": "for sale 1 bed Apartments at Narmak District 4"
        },
        "user_id": 1,
        "type_id": 4,
        "purpose_id": 1,
        "wanted_for": "",
        "area": 0,
        "area_covered": 700,
        "price": 110500000,
        "beds": 1,
        "baths": 0,
        "project_id": 0,
        "longitude": 51.513162,
        "latitude": 35.750326,
        "location_id": 2061,
        "builtin_year": "",
        "phone": "077800862",
        "fax": "",
        "mobile": "",
        "mail": "",
        "description": {
            "en": ""
        },
        "contact_person": "رنجبر",
        "property_status": "Deleted",
        "is_parent_lat_long": true,
        "type_info": {
            "type_id": 4,
            "type_title": {
                "en": "Apartment"
            },
            "type_order": 100,
            "type_htaccess": {
                "en": "apartments"
            },
            "type_parent_id": 1,
            "type_title_alt1": {
                "en": "Apartments"
            },
            "area_preferred": "covered"
        },
        "type_title": "آپارتمان",
        "type_title_alt2": "آپارتمان",
        "purpose_info": {
            "purpose_id": 1,
            "purpose_title": {
                "en": "Buy"
            },
            "purpose_title_alt1": {
                "en": "For Sale"
            },
            "purpose_htaccess": "فروش",
            "purpose_title_meta": {
                "en": "sale"
            },
            "purpose_outcome_titles": {
                "en": "Sold,For Sale,Under Offer,Property Not Available"
            }
        },
        "purpose_title_alt1": "جهت فروش",
        "property_url": {
            "fa": "https://www.ihome.ir/خرید-فروش/آپارتمان/تهران/نارمک/نارمک-منطقه-۴/آپارتمان-برای-فروش-در-نارمک-منطقه-۴،-65-متر-مربع-،-14139.html",
            "en": "https://www.ihome.ir/en/for-sale/apartments/tehran/narmak-district-4/14139.html"
        },
        "package": "free",
        "is_hot": 0,
        "area_preferred": "area_covered",
        "status": "deleted",
        "price_formated": "IRT 110,500,000",
        "age_of_building": 0,
        "area_formated": "0 Sq. Ft.",
        "location_breadcrumb": [
            {
                "0": 1,
                "1": "ایران",
                "1_en": "Iran"
            },
            {
                "0": 3,
                "1": "تهران",
                "1_en": "Tehran"
            },
            {
                "0": 18805,
                "1": "نارمک",
                "1_en": "Narmak"
            },
            {
                "0": 2061,
                "1": "نارمک-منطقه ۴",
                "1_en": "Narmak District 4"
            }
        ],
        "location_text": {
            "en": "Narmak District 4, Narmak"
        }
    },
    {
        "property_id": 14138,
        "reference": "",
        "locality_id": 6378,
        "date": "2008-09-24 02:00:00",
        "title": {
            "en": "for sale 3 Bed Apartments at Madaen"
        },
        "user_id": 1,
        "type_id": 4,
        "purpose_id": 1,
        "wanted_for": "",
        "area": 0,
        "area_covered": 1432,
        "price": 379050000,
        "beds": 3,
        "baths": 0,
        "project_id": 0,
        "longitude": 51.496638,
        "latitude": 35.733498,
        "location_id": 6378,
        "builtin_year": "",
        "phone": "077952520",
        "fax": "",
        "mobile": "",
        "mail": "",
        "description": {
            "en": ""
        },
        "contact_person": "نجفی",
        "property_status": "Deleted",
        "is_parent_lat_long": true,
        "type_info": {
            "type_id": 4,
            "type_title": {
                "en": "Apartment"
            },
            "type_order": 100,
            "type_htaccess": {
                "en": "apartments"
            },
            "type_parent_id": 1,
            "type_title_alt1": {
                "en": "Apartments"
            },
            "area_preferred": "covered"
        },
        "type_title": "آپارتمان",
        "type_title_alt2": "آپارتمان",
        "purpose_info": {
            "purpose_id": 1,
            "purpose_title": {
                "en": "Buy"
            },
            "purpose_title_alt1": {
                "en": "For Sale"
            },
            "purpose_htaccess": "فروش",
            "purpose_title_meta": {
                "en": "sale"
            },
            "purpose_outcome_titles": {
                "en": "Sold,For Sale,Under Offer,Property Not Available"
            }
        },
        "purpose_title_alt1": "جهت فروش",
        "property_url": {
            "fa": "https://www.ihome.ir/خرید-فروش/آپارتمان/تهران/نارمک/نارمک-منطقه-۸/مدائن/مدائن-آپارتمان-133-متر-مربع-برای-فروش-در-نارمک-منطقه-۸،-14138.html",
            "en": "https://www.ihome.ir/en/for-sale/apartments/tehran/madaen/14138.html"
        },
        "package": "free",
        "is_hot": 0,
        "area_preferred": "area_covered",
        "status": "deleted",
        "price_formated": "IRT 379,050,000",
        "age_of_building": 0,
        "area_formated": "0 Sq. Ft.",
        "location_breadcrumb": [
            {
                "0": 1,
                "1": "ایران",
                "1_en": "Iran"
            },
            {
                "0": 3,
                "1": "تهران",
                "1_en": "Tehran"
            },
            {
                "0": 18805,
                "1": "نارمک",
                "1_en": "Narmak"
            },
            {
                "0": 6377,
                "1": "نارمک-منطقه ۸",
                "1_en": "Narmak District 8"
            },
            {
                "0": 6378,
                "1": "مدائن",
                "1_en": "Madaen"
            }
        ],
        "location_text": {
            "en": "Madaen, Narmak District 8"
        }
    }
]